{
  "title": "string",
  "case_id": "uuid",
  "profile": "string",
  "classification": "string",
  "prepared_by": "string",
  "prepared_at": "string",
  "entities": {"persons":[],"orgs":[],"locations":[],"laws":[],"assets":[]},
  "timeframe": {"from":"string","to":"string"},
  "veracity_summary": {"label":"string","score":0.0,"confidence":0.0},
  "risk_summary": {"category":"string","level":"string","score":0.0},
  "hashes": {"content_sha256":"string","attachments_sha256":[]},
  "provenance": {"pipeline":"string","models":[],"request_id":"string","chain_of_custody":"string"}
}
